{
  "backbone_name": "yolov8n",
  "model_type": "SVM",
  "feature_dimension": 256,
  "training_time_seconds": 129.077236,
  "total_combinations_tested": 144,
  "selection_criteria": "best_test_accuracy",
  "best_params": {
    "svm__C": 0.1,
    "svm__degree": 3,
    "svm__gamma": "scale",
    "svm__kernel": "poly",
    "svm__probability": true
  },
  "best_test_accuracy": 0.648578811369509,
  "train_metrics": {
    "accuracy": 0.8521400778210116,
    "precision": 1.0,
    "recall": 0.6705202312138728,
    "f1": 0.8027681660899654,
    "roc_auc": 0.9804828289697383
  },
  "test_metrics": {
    "accuracy": 0.648578811369509,
    "precision": 0.9516129032258065,
    "recall": 0.3072916666666667,
    "f1": 0.4645669291338583,
    "roc_auc": 0.47628205128205126
  },
  "overfitting_score": 0.20356126645150263,
  "uses_feature_scaling": true
}