{
  "backbone_name": "yolov8n",
  "model_type": "SVM",
  "feature_dimension": 256,
  "training_time_seconds": 7.602368,
  "best_params": {
    "svm__C": 1,
    "svm__gamma": "scale",
    "svm__kernel": "linear",
    "svm__probability": true
  },
  "best_cv_score": 0.5587910777121727,
  "train_metrics": {
    "accuracy": 0.9987029831387808,
    "precision": 1.0,
    "recall": 0.9971098265895953,
    "f1": 0.9985528219971056,
    "roc_auc": 0.9999931995919755
  },
  "test_metrics": {
    "accuracy": 0.40568475452196384,
    "precision": 0.42578125,
    "recall": 0.5677083333333334,
    "f1": 0.48660714285714285,
    "roc_auc": 0.43856837606837606
  },
  "total_combinations_tested": 24,
  "cv_folds": 3,
  "uses_feature_scaling": true
}