{
  "backbone_name": "layoutxlm",
  "feature_dimension": 768,
  "training_time_seconds": 132.309162,
  "best_params": {
    "colsample_bytree": 0.8,
    "learning_rate": 0.2,
    "max_depth": 3,
    "n_estimators": 200,
    "reg_alpha": 0,
    "reg_lambda": 1,
    "subsample": 0.8
  },
  "best_cv_score": 0.3786573728321301,
  "train_metrics": {
    "accuracy": 1.0,
    "precision": 1.0,
    "recall": 1.0,
    "f1": 1.0,
    "roc_auc": 1.0
  },
  "test_metrics": {
    "accuracy": 0.4883720930232558,
    "precision": 0.4788732394366197,
    "recall": 0.3541666666666667,
    "f1": 0.40718562874251496,
    "roc_auc": 0.4965010683760684
  },
  "total_combinations_tested": 16,
  "cv_folds": 3
}