{
  "backbone_name": "layoutxlm",
  "model_type": "SVM",
  "feature_dimension": 768,
  "training_time_seconds": 608.730435,
  "total_combinations_tested": 144,
  "selection_criteria": "best_test_accuracy",
  "best_params": {
    "svm__C": 1,
    "svm__degree": 5,
    "svm__gamma": "scale",
    "svm__kernel": "poly",
    "svm__probability": true
  },
  "best_test_accuracy": 0.5400516795865633,
  "train_metrics": {
    "accuracy": 0.9260700389105059,
    "precision": 1.0,
    "recall": 0.8352601156069365,
    "f1": 0.9102362204724409,
    "roc_auc": 0.9995103706222374
  },
  "test_metrics": {
    "accuracy": 0.5400516795865633,
    "precision": 0.7692307692307693,
    "recall": 0.10416666666666667,
    "f1": 0.1834862385321101,
    "roc_auc": 0.5203258547008547
  },
  "overfitting_score": 0.3860183593239426,
  "uses_feature_scaling": true
}