{
  "epoch": [
    1,
    2,
    3,
    4,
    5,
    6,
    7,
    8,
    9,
    10
  ],
  "train_loss": [
    0.7714205432911309,
    0.6082997005812976,
    0.542565360361216,
    0.47768869935249797,
    0.4585017163534554,
    0.4137440372486504,
    0.3850894062494745,
    0.3432519432841515,
    0.2753426444773771,
    0.2920869499140856
  ],
  "train_accuracy": [
    0.5888456549935149,
    0.6757457846952011,
    0.7107652399481194,
    0.7600518806744487,
    0.7795071335927367,
    0.8067444876783398,
    0.8249027237354085,
    0.8469520103761349,
    0.8871595330739299,
    0.8975356679636836
  ],
  "train_precision": [
    0.5457413249211357,
    0.6518987341772152,
    0.6742209631728046,
    0.7402985074626866,
    0.748587570621469,
    0.7806267806267806,
    0.7813333333333333,
    0.8275862068965517,
    0.8731988472622478,
    0.8760563380281691
  ],
  "train_recall": [
    0.5,
    0.5953757225433526,
    0.6878612716763006,
    0.7167630057803468,
    0.7658959537572254,
    0.791907514450867,
    0.846820809248555,
    0.8323699421965318,
    0.8757225433526011,
    0.8988439306358381
  ],
  "train_f1": [
    0.521870286576169,
    0.622356495468278,
    0.6809728183118741,
    0.7283406754772394,
    0.7571428571428571,
    0.7862266857962698,
    0.812760055478502,
    0.829971181556196,
    0.8744588744588745,
    0.8873038516405135
  ],
  "test_loss": [
    1.5767416698113084,
    0.8595474123954773,
    1.254862185716629,
    1.1971885406970977,
    1.1826862728595733,
    1.4445795451104642,
    1.7733023327589035,
    1.5347861766815185,
    1.6530219638347625,
    1.3221577155590056
  ],
  "test_accuracy": [
    0.5917312661498708,
    0.5064599483204134,
    0.330749354005168,
    0.4444444444444444,
    0.4702842377260982,
    0.4728682170542636,
    0.5426356589147286,
    0.42118863049095606,
    0.524547803617571,
    0.5012919896640827
  ],
  "test_precision": [
    0.6416666666666667,
    0.5032679738562091,
    0.3333333333333333,
    0.44221105527638194,
    0.45962732919254656,
    0.4772727272727273,
    0.5365853658536586,
    0.42727272727272725,
    0.5121951219512195,
    0.49732620320855614
  ],
  "test_recall": [
    0.4010416666666667,
    0.4010416666666667,
    0.3489583333333333,
    0.4583333333333333,
    0.3854166666666667,
    0.65625,
    0.5729166666666666,
    0.4895833333333333,
    0.875,
    0.484375
  ],
  "test_f1": [
    0.4935897435897436,
    0.4463768115942029,
    0.34096692111959287,
    0.45012787723785164,
    0.4192634560906516,
    0.5526315789473685,
    0.5541561712846348,
    0.4563106796116505,
    0.6461538461538462,
    0.49076517150395776
  ]
}