{
  "backbone_name": "layoutxlm",
  "feature_dimension": 768,
  "training_time_seconds": 1623.754917,
  "total_combinations_tested": 16,
  "selection_criteria": "best_test_accuracy",
  "best_params": {
    "colsample_bytree": 0.8,
    "learning_rate": 0.1,
    "max_depth": 3,
    "n_estimators": 200,
    "reg_alpha": 0,
    "reg_lambda": 1,
    "subsample": 1.0
  },
  "best_test_accuracy": 0.5012919896640827,
  "train_metrics": {
    "accuracy": 1.0,
    "precision": 1.0,
    "recall": 1.0,
    "f1": 1.0,
    "roc_auc": 1.0
  },
  "test_metrics": {
    "accuracy": 0.5012919896640827,
    "precision": 0.4966442953020134,
    "recall": 0.3854166666666667,
    "f1": 0.4340175953079179,
    "roc_auc": 0.5155715811965812
  },
  "overfitting_score": 0.4987080103359173
}