{
  "backbone_name": "yolov8n",
  "feature_dimension": 256,
  "training_time_seconds": 1565.539027,
  "total_combinations_tested": 16,
  "selection_criteria": "best_test_accuracy",
  "best_params": {
    "colsample_bytree": 0.8,
    "learning_rate": 0.1,
    "max_depth": 3,
    "n_estimators": 200,
    "reg_alpha": 0,
    "reg_lambda": 1,
    "subsample": 1.0
  },
  "best_test_accuracy": 0.46511627906976744,
  "train_metrics": {
    "accuracy": 1.0,
    "precision": 1.0,
    "recall": 1.0,
    "f1": 1.0,
    "roc_auc": 1.0
  },
  "test_metrics": {
    "accuracy": 0.46511627906976744,
    "precision": 0.4663677130044843,
    "recall": 0.5416666666666666,
    "f1": 0.5012048192771085,
    "roc_auc": 0.5002403846153847
  },
  "overfitting_score": 0.5348837209302326
}