{
  "backbone_name": "efficientnet",
  "model_type": "SVM",
  "feature_dimension": 1280,
  "training_time_seconds": 696.298344,
  "total_combinations_tested": 144,
  "selection_criteria": "best_test_accuracy",
  "best_params": {
    "svm__C": 0.01,
    "svm__degree": 3,
    "svm__gamma": 0.01,
    "svm__kernel": "poly",
    "svm__probability": true
  },
  "best_test_accuracy": 0.7855297157622739,
  "train_metrics": {
    "accuracy": 0.9974059662775616,
    "precision": 1.0,
    "recall": 0.9942196531791907,
    "f1": 0.9971014492753624,
    "roc_auc": 1.0
  },
  "test_metrics": {
    "accuracy": 0.7855297157622739,
    "precision": 0.8811188811188811,
    "recall": 0.65625,
    "f1": 0.7522388059701492,
    "roc_auc": 0.8597622863247864
  },
  "overfitting_score": 0.2118762505152877,
  "uses_feature_scaling": true
}