{
  "backbone_name": "resnet50",
  "model_type": "SVM",
  "feature_dimension": 2048,
  "training_time_seconds": 1193.384562,
  "total_combinations_tested": 144,
  "selection_criteria": "best_test_accuracy",
  "best_params": {
    "svm__C": 1,
    "svm__degree": 2,
    "svm__gamma": "scale",
    "svm__kernel": "poly",
    "svm__probability": true
  },
  "best_test_accuracy": 0.7441860465116279,
  "train_metrics": {
    "accuracy": 0.9559014267185474,
    "precision": 0.9615384615384616,
    "recall": 0.9393063583815029,
    "f1": 0.9502923976608187,
    "roc_auc": 0.9937946276776607
  },
  "test_metrics": {
    "accuracy": 0.7441860465116279,
    "precision": 0.7268292682926829,
    "recall": 0.7760416666666666,
    "f1": 0.7506297229219143,
    "roc_auc": 0.8069444444444445
  },
  "overfitting_score": 0.2117153802069195,
  "uses_feature_scaling": true
}